# TRANSCRIÇÃO da IT 09 do CBMMG (Carga de Incêndio, 2ª ed., Portaria 61/2020), Anexo A, Tabela A.1 — pp. 6 a 21. Lida pela grade do PDF (PyMuPDF), conferida: o número de linhas de cada página bate com os códigos de divisão no texto da página, e as pp. 6, 13, 17 e 21 foram conferidas linha a linha pela imagem (01/10/2026).
# Colunas: página | divisão | carga (MJ/m²; ou o texto da tabela quando remete a Anexo/atividade) | descrição
6	A-3	300	Alojamentos
6	A-1	300	Casas térreas ou assobradadas (isoladas e não isoladas)
6	A-1	300	Condomínios horizontais
6	A-3	300	Conventos
6	A-2	300	Edifícios de apartamentos
6	A-3	300	Internatos
6	A-3	300	Mosteiros
6	A-3	300	Pensionatos
6	A-3	300	Residências geriátricas (com capacidade máxima de 16 leitos), sem acompanhamento médico
6	A-1	300	Residências terapêuticas
6	B-1	500	Albergues
6	B-2	500	Apart-hotéis
6	B-1	500	Campings
6	B-2	500	Flats
6	B-1	500	Habitação coletiva com mais de 16 leitos
6	B-1	500	Hospedarias
6	B-1	500	Hotéis
6	B-2	500	Hotéis e assemelhados com cozinha própria nos apartamentos
6	B-2	500	Hotéis residenciais
6	B-1	500	Motéis
6	B-1	500	Pensões
6	B-1	500	Pousadas
6	C-2	1000	Açúcar
6	C-2	600	Algodão
6	C-1	300	Andaimes - aluguel
6	C-1	300	Animais - atacado de animais vivos e ovos
6	C-2	600	Animais - varejo de animais vivos, de artigos e alimentos para animais de estimação ("pet shop")
6	C-2	700	Antiguidades
6	C-1	300	Aparelhos eletrodomésticos e equipamentos de áudio e vídeo, incluindo peças e acessórios
6	C-2	400	Aparelhos eletrônicos e componentes, equipamentos de telefonia, comunicação e informática
6	C-1	300	Armarinhos - varejo
6	C-2	800	Armas e munições
6	C-1	300	Artesanatos e souvenirs
7	C-1	80	Bebidas - água, cerveja, chope, refrigerante
7	C-1	200	Bebidas - vinho, saquê, cidra
7	C-2	500	Bebidas destiladas
7	C-1	300	Bijuteria, artigos de metal e vidro
7	C-2	600	Bolsas, malas e artigos de viagem
7	C-1	200	Bombas e compressores; partes e peças
7	C-2	600	Borracha, cortiça, couro, feltro, espuma - artigos
7	C-2	500	Brinquedos e artigos recreativos
7	C-2	800	Caça, pesca e camping - artigos
7	C-2	400	Cacau
7	C-2	400	Café
7	C-2	500	Caixões e urnas
7	C-1	300	Cal, areia, pedra britada, tijolos e telhas
7	C-2	600	Calçados
7	C-1	40	Carnes - atacado ou varejo (açougue) de carnes e derivados, pescados e frutos do mar
7	C-2	3000	Carvão e lenha
7	C-3	800	Centros comerciais de compras (Shopping centers)
7	C-2	2100	Cera, artigos de
7	C-2	2000	Cereais e leguminosas beneficiados, farinhas, amidos e féculas
7	C-1	40	Cimento
7	C-2	800	Comércio atacadista de cigarros, cigarrilhas, charutos
7	C-2	400	Cosméticos, produtos de perfumaria e higiene pessoal
7	C-2	500	Couros, lãs, peles e outros subprodutos não-comestíveis de origem animal - atacado
7	C-1	200	Defensivos agrícolas, adubos, fertilizantes e corretivos do solo (exceto cujos componentes possuem característica potencialmente explosiva ou combustível)
7	C-2	400	Doces, chocolates, confeitos, balas, bombons e semelhantes
7	C-2	800	Embalagens
7	C-2	800	Esporte, artigos de
7	C-1	300	Ferragens e ferramentas
7	C-2	600	Filmes, CDs, DVDs, fitas e discos
7	C-1	80	Floricultura - sementes, flores, plantas e gramas
7	C-1	300	Fotografia - artigos fotográficos e para filmagem
7	C-1	200	Galeria de quadros
7	C-1	200	Hortifrutigranjeiros
7	C-2	500	Iluminação - artigos
7	C-1	300	Instrumentos e materiais para uso médico, cirúrgico, hospitalar e de laboratórios
7	C-2	600	Instrumentos musicais e acessórios
7	C-1	300	Joalheria
7	C-1	200	Leite, laticínios e frios
7	C-2	1000	Livros, jornais, revistas e outras publicações
7	C-2	400	Lojas de conveniência
8	C-2	800	Lojas de departamentos ou magazines
8	C-2	600	Lojas de variedades, exceto lojas de departamentos ou magazines
8	C-2	1000	Lubrificantes (comércio varejista)
8	C-1	40	Lustres, luminárias e abajures
8	C-2	1000	Madeira - estruturas para locação
8	C-2	800	Madeira e artefatos - varejo
8	C-2	3000	Madeira e artefatos com tratamento ou impregnação - varejo
8	C-2	3000	Madeira e produtos derivados - atacado
8	C-1	300	Máquinas e equipamentos não especificados nesta tabela; partes e peças
8	C-1	300	Máquinas e equipamentos para costura ou escritórios
8	C-1	300	Máquinas e equipamentos para uso comercial; partes e peças
8	C-1	200	Máquinas e equipamentos para uso industrial; partes e peças
8	C-1	300	Máquinas, aparelhos e equipamentos para uso agropecuário; partes e peças
8	C-1	200	Máquinas, aparelhos e equipamentos para uso odonto- médico-hospitalar; partes e peças
8	C-1	300	Máquinas, equipamentos para terraplenagem, mineração e construção; partes e peças
8	C-2	1000	Massas alimentícias
8	C-2	800	Materiais de construção em geral
8	C-1	300	Materiais elétricos e hidráulicos
8	C-2	1000	Materiais para festas
8	C-2	500	Matérias-primas agrícolas (exceto cujos componentes possuem característica potencialmente explosiva ou combustível)
8	C-2	600	Móveis (exceto colchoaria)
8	C-2	1000	Móveis com colchoaria
8	C-1	200	Objetos de arte
8	C-1	300	Odontológico, produtos
8	C-2	1000	Óleos e gorduras
8	C-1	300	Óptica
8	C-2	1000	Pães, bolos, biscoitos e similares
8	C-2	400	Palcos, coberturas e outras estruturas de uso temporário (exceto andaimes) - aluguel
8	C-2	500	Papel de parede e similares
8	C-2	800	Papel e papelão em geral - atacado
8	C-2	2000	Papelão betuminado
8	C-2	700	Papelaria e artigos de escritórios
8	C-1	40	Pedras para acabamento e revestimento
8	C-2	800	Pilhas, baterias e acumuladores elétricos
8	C-2	1000	Plástico - artigos
8	C-2	700	Pneus, pneumáticos e câmaras-de-ar
8	C-2	1000	Produtos adesivos
8	C-1	200	Produtos da extração mineral, exceto combustíveis
8	C-2	2000	Produtos de limpeza
9	C-1	200	Produtos e artigos de argila, barro e olaria
9	C-2	1000	Produtos farmacêuticos, medicamentos e drogas de uso humano e veterinário
9	C-2	500	Produtos para piscina, inseticidas, repelentes
9	C-2	4000	Produtos químicos e petroquímicos
9	C-1	200	Produtos siderúrgicos e metalúrgicos (exceto para construção)
9	C-1	300	Próteses e artigos de ortopedia
9	C-2	2000	Rações/alimentos para animais - atacado de alimentos para animais
9	C-2	600	Relojoaria
9	C-1	200	Resíduos e sucatas metálicos
9	C-2	800	Resíduos e sucatas não metálicos
9	C-2	3000	Resinas e elastômeros
9	C-2	600	Sisal
9	C-2	1700	Soja
9	C-2	4000	Solventes
9	C-1	80	Sorvetes
9	C-2	400	Supermercado (mercados em geral)
9	C-1	200	Tabacaria
9	C-2	800	Tapeçaria, persianas e cortinas
9	C-2	700	Têxteis e tecidos em geral
9	C-2	1000	Tintas (incluindo material de pintura), vernizes e similares
9	C-2	800	Toldos - aluguel
9	C-1	200	Veículos automotores e embarcações (incluindo peças e acessórios)
9	C-1	200	Veículos recreativos - bicicletas, triciclos, entre outros (incluindo peças e acessórios)
9	C-1	300	Vidros, espelhos e vitrais
9	D-1	700	Administração pública em geral
9	D-2	300	Agências bancárias e similares
9	D-1	400	Agências de correios, de serviços de postagem e similares
9	D-1	400	Agências de notícias
9	D-1	700	Agências de publicidade
9	D-1	700	Agências de turismo
9	D-1	700	Agências matrimoniais
9	D-1	300	Alojamento, higiene e embelezamento de animais
9	D-1	700	Aluguel de imóveis próprios
9	D-1	700	Atividades auxiliares dos transportes aéreos, exceto operação dos aeroportos e campos de aterrissagem
9	D-1	700	Atividades auxiliares dos transportes aquaviários
9	D-1	300	Atividades de estética e outros serviços de cuidados com a beleza
9	D-1	700	Atividades de gravação de som e de edição de música
9	D-1	700	Atividades de limpeza não especificadas nesta tabela
9	D-1	300	Atividades de produção cinematográfica, de vídeos e de programas de televisão, exceto auditórios
9	D-1	300	Atividades de produção de fotografias
10	D-1	300	Atividades de rádio
10	D-4	200	Atividades de serviços de complementação diagnóstica e terapêutica não especificadas nesta tabela
10	D-1	700	Atividades de transporte de valores
10	D-1	700	Atividades de vigilância e segurança privada
10	D-1	200	Cabeleireiros
10	D-1	Conforme atividade (ocupação) específica	Captação, tratamento e distribuição de água e/ou esgoto
10	D-1	700	Cartórios
10	D-1	200	Centrais telefônicas (telefonistas, telemarketing, callcenter, serviço de atendimento ao consumidor)
10	D-3	200	Chaveiros
10	D-1	400	Copiadora
10	D-1	80	Distribuição de água por caminhões
10	D-1	400	Encadernadoras
10	D-1	700	Escafandria e Mergulho
10	D-1	700	Escritórios e unidades de administração em geral
10	D-1	300	Fornecimento de alimentos preparados (delivery), serviços de alimentação para eventos e recepções (buffet), cocção de alimentos, todos sem consumo no local de produção e sem caráter industrial
10	D-1	700	Imunização e controle de pragas urbanas
10	D-3	200	Instalação de máquinas e equipamentos industriais
10	D-1	700	Instituições financeiras não incluídas em D-2
10	D-4	200	Laboratórios clínicos
10	D-4	200	Laboratórios de anatomia patológica e citológica
10	D-4	300	Laboratórios fotográficos
10	D-4	500	Laboratórios químicos
10	D-3	300	Lavanderias
10	D-3	300	Manutenção e reparação de aparelhos eletroeletrônicos fotográficos ópticos
10	D-3	600	Manutenção e reparação de instrumentos musicais
10	D-3	600	Manutenção e reparação elétricas em geral
10	D-3	200	Manutenção e reparação hidráulicas ou mecânicas em geral, exceto automotivas
10	D-1	700	Organismos internacionais e outras instituições extraterritoriais
10	D-1	700	Organização logística do transporte de carga
10	D-1	700	Outras atividades profissionais, científicas e técnicas não especificadas nesta tabela
10	D-4	300	Pesquisa científica e desenvolvimento experimental
10	D-3	500	Reparação de artigos do mobiliário
10	D-3	700	Reparação de artigos têxteis em geral (roupas, calçados, bolsas e similares)
10	D-3	200	Reparação de joias
10	D-3	300	Reparação de relógios
10	D-3	700	Reparação e manutenção de artigos borracha, cortiça, couro, feltro, espuma
10	D-3	600	Reparação e manutenção de computadores e de equipamentos periféricos
10	D-1	700	Repartições públicas
11	D-1	300	Restauração de obras-de-arte
11	D-1	400	Salas de acesso à internet
11	D-1	700	Serviços advocatícios
11	D-1	700	Serviços de adestramento de cães de guarda
11	D-1	700	Serviços de arquitetura, engenharia e similares
11	D-4	200	Serviços de bancos de células e tecidos humanos
11	D-1	700	Serviços de cartografia, topografia e geodésia
11	D-1	400	Serviços de computação em geral
11	D-1	400	Serviços de cremação sem previsão de reunião de pessoas
11	D-4	200	Serviços de diagnóstico por imagem, métodos ópticos ou registro gráfico
11	D-1	400	Serviços de funerárias (exceto aqueles especificados no grupo F)
11	D-1	700	Serviços de gravação de carimbos, exceto confecção
11	D-3	200	Serviços de montagem de móveis de qualquer material
11	D-3	500	Serviços de pintura
11	D-1	300	Serviços de tatuagem e colocação de piercing
11	D-1	700	Serviços de tradução, interpretação e similares
11	D-4	300	Testes e análises técnicas
11	D-3	300	Tinturarias
11	E-3	300	Academias e espaços para atividades físicas em geral
11	E-3	200	Atividades de fisioterapia
11	E-2	300	Cursos de pilotagem
11	E-1	300	Cursos preparatórios para concursos
11	E-5	400	Educação infantil – creche, pré-escola e similares
11	E-4	300	Educação profissional de nível técnico e tecnológico
11	E-1	300	Educação superior – graduação, pós-graduação, extensão e similares
11	E-2	300	Ensino de arte e cultura não especificado nesta tabela
11	E-2	300	Ensino de artes cênicas, exceto dança
11	E-3	300	Ensino de dança
11	E-3	300	Ensino de esportes
11	E-2	300	Ensino de idiomas
11	E-2	300	Ensino de música
11	E-1	300	Ensino fundamental
11	E-1	300	Ensino médio
11	E-6	300	Escola para portadores de deficiências
11	E-4	300	Formação de condutores
11	E-3	300	Sauna
11	E-4	300	Treinamento em desenvolvimento profissional e gerencial
11	F-1	2000	Arquivos
11	F-1	2000	Bibliotecas
11	F-1	450	Bibliotecas de acervo exclusivamente digital
11	F-11	600	Casas de bingo, casas de apostas e similares
12	F-6	600	Casas de show, casas noturnas, boates, restaurantes dançantes e assemelhados
12	F-2	200	Cemitérios, crematórios, necrotérios, salas de funerais e assemelhados
12	F-1	2000	Centros de documentos históricos
12	F-3	150	Centros esportivos e de exibição (com arquibancada)
12	F-5	600	Cinemas, teatros, auditórios e similares
12	F-7	500	Circos e assemelhados
12	F-11	300	Clubes sociais, esportivos e assemelhados
12	F-7	500	Construções provisórias
12	F-4	200	Estações e terminais de passageiros
12	F-7	500	Eventos temporários, shows e assemelhados
12	F-10	Anexo B ou C	Exposições de objetos e de animais
12	F-7	500	Feiras e similares
12	F-2	200	Igrejas, templos, capelas, sinagogas, mesquitas e espaços assemelhados para reunião ou celebração religiosa
12	F-11	600	Jogos recreativos eletrônicos, de cartas, de tabuleiro e similares
12	F-8	300	Lanchonetes, cantinas, casas de chá, de sucos e similares
12	F-1	300	Museus
12	F-8	300	Padarias destinadas ao consumo in loco, sem fabricação própria
12	F-9	500	Parques recreativos permanentes e assemelhados
12	F-8	300	Restaurantes e bares
12	F-6	600	Salões de festa, buffet e similares (todos com palco)
12	F-11	600	Salões de festa, buffet e similares (todos sem palco)
12	F-11	600	Sinuca, bilhar, boliches e similares
12	F-11	600	Tiro ao alvo, estandes de tiro e similares
12	F-9	500	Zoológicos, jardins botânicos, reservas ecológicas, áreas de proteção ambiental e assemelhados
12	G-5	300	Abrigo para aeronaves com ou sem abastecimento
12	G-1	200	Estacionamentos automáticos e estacionamentos com manobristas
12	G-2	200	Estacionamentos de veículos com acesso de público
12	G-1	200	Estacionamentos de veículos sem acesso de público
12	G-2	200	Estacionamentos de veículos sem automação
12	G-3	300	Local dotado de abastecimento de combustível
12	G-5	300	Manutenção e reparação de aeronaves
12	G-4	200	Oficinas de alinhamento e balanceamento de veículos automotores
12	G-4	500	Oficinas de lanternagem ou funilaria e pintura de veículos automotores
12	G-4	300	Oficinas de manutenção de máquinas agrícolas
12	G-4	600	Oficinas de manutenção e reparação elétrica de veículos automotores
12	G-4	300	Oficinas e serviços de manutenção, conservação e reparação de veículos
12	G-3	300	Postos de abastecimento e serviço
12	G-4	300	Serviços de borracharia para veículos automotores (sem recauchutagem)
13	H-2	350	Asilos, abrigos geriátricos e similares
13	H-6	200	Atividades de acupuntura
13	H-6	200	Atividades de apoio à gestão de saúde
13	H-6	200	Atividades de banco de leite humano
13	H-6	200	Atividades de enfermagem sem internação
13	H-6	200	Atividades de fonoaudiologia
13	H-6	200	Atividades de podologia
13	H-6	200	Atividades de profissionais da nutrição
13	H-6	200	Atividades de psicologia e psicanálise
13	H-6	200	Atividades de reprodução humana assistida
13	H-6	200	Atividades de terapia ocupacional
13	H-6	200	Atividade odontológica
13	H-3	300	Casas de saúde, clínicas, unidades de urgência, ambulatórios e similares (todos com internação)
13	H-6	200	Clínicas médicas e consultórios em geral (todos sem internação)
13	H-3	300	Hospitais em geral
13	H-2	350	Hospitais psiquiátricos
13	H-5	100	Hospitais psiquiátricos, manicômios, reformatórios (todos com celas)
13	H-1	300	Hospitais veterinários, clínicas e consultórios veterinários e similares
13	H-2	350	Locais para tratamento de dependentes químicos e assemelhados
13	H-2	350	Orfanatos e similares
13	H-6	200	Outras atividades de atenção à saúde humana sem internação não especificadas nesta tabela
13	H-5	100	Penitenciárias, casas de detenção, presídios e similares
13	H-4	700	Postos policiais, Postos de bombeiros, Delegacias, entre outros
13	H-4	700	Quartéis
13	H-2	350	Reformatórios (sem celas)
13	H-6	200	Serviços de vacinação e imunização humana
13	H-6	200	Unidades de diálise e nefrologia
13	H-6	200	Unidades de hemodiálise
13	H-6	200	Unidades de hemoterapia
13	H-6	200	Unidades de litotripsia
13	H-6	200	Unidades de quimioterapia
13	H-6	200	Unidades de radioterapia
13	I-1	200	Abrasivos
13	I-2	1000	Absorventes higiênicos
13	I-2	400	Acabamentos gráficos, exceto encadernação e plastificação
13	I-1	40	Aço (fundição)
13	I-1	200	Aço em geral (arames, forjados, ao carbono, especiais, laminados, relaminados, trefilados, perfilados, produtos semi-acabados, tubos) exceto fundição
13	I-2	800	Açúcar em geral (de cana refinado, de cereais, de beterraba, em bruto)
14	I-2	1000	Adesivos e selantes
14	I-2	500	Aditivos de uso industrial
14	I-2	1000	Adoçantes naturais e artificiais
14	I-1	200	Adubos, fertilizantes e similares (exceto cujos componentes possuem característica potencialmente explosiva ou combustível)
14	I-2	600	Aeronaves
14	I-1	80	Água
14	I-3	4000	Álcool
14	I-2	1000	Alimentos dietéticos e complementos alimentares
14	I-2	800	Alimentos e pratos prontos
14	I-3	2000	Alimentos para animais e rações
14	I-1	200	Alumínio em geral (ligas em formas primárias, laminados)
14	I-2	700	Alvejamento, tingimento e torção em fios, tecidos, artefatos têxteis e peças do vestuário
14	I-3	2000	Amidos e féculas de vegetais ( produtos, moagem, beneficiamento)
14	I-1	40	Aparelhamento de pedras para construção, exceto associado à extração
14	I-1	40	Aparelhamento de placas e execução de trabalhos em mármore, granito, ardósia e outras pedras
14	I-1	300	Aparelhos de recepção, reprodução, gravação e amplificação de áudio e vídeo
14	I-1	300	Aparelhos e equipamentos de medida, teste e controle
14	I-1	200	Aparelhos e equipamentos para distribuição e controle de energia elétrica
14	I-2	500	Aparelhos e utensílios para correção de defeitos físicos e aparelhos ortopédicos em geral
14	I-1	300	Aparelhos elétricos de uso pessoal, peças e acessórios
14	I-1	200	Aparelhos eletromédicos e eletroterapêuticos e equipamentos de irradiação
14	I-1	300	Aparelhos eletrodomésticos, outros não especificados nesta tabela, peças e acessórios
14	I-1	300	Aparelhos fotográficos e cinematográficos, peças e acessórios
14	I-1	300	Aparelhos telefônicos e de outros equipamentos de comunicação, peças e acessórios
14	I-2	1000	Aparelhos, equipamentos e acessórios de ar condicionado, refrigeração e ventilação
14	I-3	1700	Arroz (produtos, moagem, beneficiamento)
14	I-1	200	Artefatos de joalheria e ourivesaria
14	I-2	800	Artefatos de tanoaria e de embalagens de madeira
14	I-2	700	Artefatos de tapeçaria
14	I-2	800	Artefatos diversos de cortiça, bambu, palha, vime e outros materiais trançados, exceto móveis
14	I-2	800	Artefatos diversos de madeira, exceto móveis
14	I-2	800	Artefatos para pesca e esporte
14	I-2	700	Artefatos têxteis para uso doméstico
14	I-2	800	Artigos de carpintaria para construção
14	I-1	200	Artigos de cutelaria
14	I-1	200	Artigos de serralheria, exceto esquadrias
14	I-1	300	Artigos ópticos
14	I-2	600	Artigos para viagem, bolsas e semelhantes de qualquer material
15	I-1	300	Automóveis, camionetas e utilitários
15	I-2	700	Aviamentos para costura
15	I-1	200	Azulejos pisos e semelhantes
15	I-2	600	Bancos e estofados para veículos automotores
15	I-2	800	Baterias e acumuladores para veículos automotores
15	I-1	80	Bebidas - cervejas, chopes, refrigerantes, isotônicos, chá mate e outros chás prontos para consumo
15	I-2	500	Bebidas - destilados e aguardentes em geral
15	I-1	200	Bebidas - sucos de frutas, hortaliças e legumes
15	I-1	200	Bebidas - vinho e outros fermentados não especificados nesta tabela
15	I-1	80	Bebidas não-alcoólicas não especificadas nesta tabela
15	I-2	400	Beneficiamento de café
15	I-1	200	Bicicletas e triciclos não-motorizados, peças e acessórios
15	I-1	200	Bijuterias e artefatos semelhantes
15	I-3	4000	Biocombustíveis
15	I-2	400	Biscoitos e bolachas
15	I-2	600	Borracha (artefatos não especificados nesta tabela)
15	I-2	500	Brinquedos e jogos recreativos não especificados nesta tabela
15	I-1	40	Britamento de pedras
15	I-1	300	Cabines, carrocerias e reboques para veículos automotores
15	I-1	80	Cal e gesso
15	I-2	600	Calçados e partes de calçados
15	I-1	200	Caldeiras geradoras de vapor, exceto para aquecimento central e para veículos
15	I-1	300	Caminhões e ônibus
15	I-2	600	Canetas, lápis e outros artigos para escritório
15	I-2	800	Cartolina e papel-cartão
15	I-2	800	Casas de madeira pré-fabricadas
15	I-2	500	Catalisadores
15	I-3	2000	Cera (produtos e artefatos em geral)
15	I-1	200	Cerâmicas e refratários (incluindo artefatos e produtos)
15	I-1	200	Cerâmicos não-refratários não especificados nesta tabela
15	I-2	800	Chapas e de embalagens de papelão ondulado
15	I-2	500	Chapas, filmes, papéis e outros materiais e produtos químicos para fotografia
15	I-1	300	Chassis com motor para automóveis, camionetas e utilitários
15	I-1	200	Cigarros, fumo, cigarrilhas, charutos e semelhantes
15	I-3	2000	Cloro e álcalis
15	I-3	3000	Colchões
15	I-3	4000	Combustíveis nucleares
15	I-1	300	Componentes eletrônicos
15	I-1	200	Compressores, peças e acessórios
15	I-1	40	Concreto, argamassa, cimento, fibrocimento e materiais semelhantes (incluindo artefatos e produtos)
16	I-1	40	Conservas de frutas, vegetais, legumes e semelhantes
16	I-2	500	Conservas de peixes, crustáceos e moluscos
16	I-1	300	Construção de embarcações
16	I-3	4000	Coquerias
16	I-2	700	Cordoaria (artefatos)
16	I-1	200	Corte e dobra de metais
16	I-1	300	Cosméticos, produtos de perfumaria e de higiene pessoal
16	I-2	600	Couro (artefatos em geral, curtimento e outras preparações)
16	I-1	300	Cronômetros e relógios
16	I-1	200	Cunhagem de moedas e medalhas
16	I-1	200	Decoração, lapidação, gravação, vitrificação e outros trabalhos em cerâmica, louça, vidro e cristal
16	I-1	200	Defensivos agrícolas
16	I-2	500	Desinfestantes domissanitários
16	I-2	400	Edição de cadastros, listas e de outros produtos gráficos (com ou sem impressão)
16	I-2	400	Edição de livros, jornais, revistas (com ou sem impressão)
16	I-3	3000	Elastômeros
16	I-1	300	Eletrodomésticos em geral, peças e acessórios
16	I-1	300	Eletrodos, contatos e outros artigos de carvão e grafita para uso elétrico, eletroímãs e isoladores
16	I-1	300	Equipamentos de informática
16	I-1	200	Equipamentos de transmissão para fins industriais, exceto rolamentos
16	I-1	300	Equipamentos de transporte não especificados nesta tabela
16	I-2	600	Equipamentos e acessórios para segurança pessoal e profissional
16	I-1	300	Equipamentos e aparelhos elétricos não especificados nesta tabela
16	I-1	300	Equipamentos e instrumentos ópticos, peças e acessórios
16	I-1	200	Equipamentos hidráulicos e pneumáticos, peças e acessórios, exceto válvulas
16	I-1	300	Equipamentos para irrigação agrícola, peças e acessórios
16	I-1	300	Equipamentos para sinalização e alarme
16	I-1	300	Equipamentos transmissores de comunicação, peças e acessórios
16	I-2	700	Escovas, pincéis e vassouras
16	I-1	40	Especiarias, molhos, temperos e condimentos
16	I-2	800	Esquadrias de madeira e de peças de madeira para instalações industriais e comerciais
16	I-2	700	Estamparia e texturização em fios, tecidos, artefatos têxteis e peças do vestuário
16	I-1	200	Estruturas metálicas
16	I-1	200	Estufas e fornos elétricos para fins industriais, peças e acessórios
16	I-1	40	Extração de gemas (pedras preciosas e semipreciosas)
16	I-1	40	Extração de minerais não-metálicos (grafita, quartzo, amianto, etc.)
16	I-1	200	Extração de minerais para fabricação de adubos, fertilizantes e outros produtos químicos (exceto cujos componentes possuem característica potencialmente explosiva ou combustível)
17	I-3	4000	Extração de petróleo e gás natural
17	I-3	3000	Extração e beneficiamento de areias betuminosas
17	I-3	3000	Extração e beneficiamento de carvão mineral
17	I-3	3000	Extração e beneficiamento de xisto
17	I-1	40	Extração e britamento de pedras e outros materiais para construção e beneficiamento associado (ardósia, granito, mármore, calcário, dolomita, gesso, caulim, areia, cascalho, pedregulho, argila, saibro, basalto, etc.)
17	I-1	200	Extração, beneficiamento, britamento, pelotização e sinterização de minérios ferrosos e não-ferrosos (ferro, alumínio, estanho, manganês, metais preciosos, minerais radioativos, nióbio, titânio, tungstênio, níquel, cobre, chumbo, zinco, etc.)
17	I-1	40	Extração, refino e outros tratamentos de sal
17	I-3	2000	Farinha de mandioca e derivados (produtos, moagem, beneficiamento)
17	I-3	2000	Farinha de milho e derivados, exceto óleos de milho (produtos, moagem, beneficiamento)
17	I-1	300	Farmoquímicos
17	I-2	800	Fermentos e leveduras
17	I-1	200	Ferramentas
17	I-1	40	Ferro (fundição)
17	I-1	200	Ferro (outros tubos)
17	I-1	200	Ferro-gusa
17	I-1	200	Ferroligas
17	I-2	700	Fiação de fibras de algodão e fibras têxteis naturais
17	I-1	300	Fibras artificiais e sintéticas
17	I-1	300	Fios, cabos e condutores elétricos isolados
17	I-1	300	Flores artificiais
17	I-3	4000	Formulação de combustíveis
17	I-2	500	Formulários contínuos
17	I-1	200	Fornos industriais, aparelhos e equipamentos não- elétricos para instalações térmicas, peças e acessórios
17	I-2	1000	Fraldas descartáveis
17	I-3	2000	Frigorífico
17	I-2	400	Frutas cristalizadas, balas e semelhantes
17	I-2	700	Gases em geral (exceto inflamáveis)
17	I-1	80	Gelo
17	I-1	300	Geradores de corrente contínua e alternada, peças e acessórios
17	I-1	300	Guarda-chuvas e similares
17	I-3	4000	Impermeabilizantes, solventes e produtos afins
17	I-2	400	Impressão em geral (livros, jornais, revistas e outros)
17	I-2	600	Instrumentos musicais, peças e acessórios
17	I-1	300	Instrumentos não- eletrônicos e utensílios para uso médico, cirúrgico, odontológico e de laboratório
17	I-3	3000	Intermediários para plastificantes, resinas e fibras
17	I-1	300	Jogos eletrônicos
17	I-1	40	Lâmpadas, luminárias e outros equipamentos de iluminação
18	I-1	200	Lapidação de gemas
18	I-1	200	Leite e laticínios
18	I-2	600	Linhas para costura e bordar
18	I-1	200	Locomotivas, vagões e outros materiais rodantes
18	I-2	800	Madeira (embalagens)
18	I-2	800	Madeira laminada e de chapas de madeira compensada, prensada e aglomerada
18	I-1	300	Máquinas de escrever, calcular e outros equipamentos não-eletrônicos para escritório, peças e acessórios
18	I-1	300	Máquinas e equipamentos para a agricultura e pecuária, peças e acessórios, exceto para irrigação
18	I-1	200	Máquinas e equipamentos para a indústria do plástico, peças e acessórios
18	I-1	200	Máquinas e equipamentos para a indústria têxtil, peças e acessórios
18	I-1	200	Máquinas e equipamentos para a prospecção e extração de petróleo, peças e acessórios
18	I-1	200	Máquinas e equipamentos para as indústrias de alimentos, bebidas e fumo, peças e acessórios
18	I-1	200	Máquinas e equipamentos para as indústrias de celulose, papel e papelão e artefatos, peças e acessórios
18	I-1	200	Máquinas e equipamentos para as indústrias do vestuário, do couro e de calçados, peças e acessórios
18	I-1	200	Máquinas e equipamentos para saneamento básico e ambiental, peças e acessórios
18	I-1	300	Máquinas e equipamentos para terraplenagem, pavimentação e construção, peças e acessórios, exceto tratores
18	I-1	200	Máquinas e equipamentos para uso geral não especificados nesta tabela, peças e acessórios
18	I-1	200	Máquinas e equipamentos para uso industrial específico não especificados nesta tabela, peças e acessórios
18	I-1	200	Máquinas para a indústria metalúrgica, peças e acessórios, exceto máquinas- ferramenta
18	I-1	200	Máquinas, equipamentos e aparelhos para transporte e elevação de cargas, peças e acessórios
18	I-1	200	Máquinas, equipamentos e aparelhos para transporte e elevação de pessoas, peças e acessórios
18	I-1	200	Máquinas-ferramenta, peças e acessórios em geral
18	I-2	1000	Margarina e outras gorduras vegetais e de óleos não- comestíveis de animais
18	I-2	1000	Massas alimentícias
18	I-1	40	Matadouro / Abate de Animais
18	I-1	300	Materiais para medicina e odontologia
18	I-1	300	Material elétrico e eletrônico para veículos automotores, exceto baterias
18	I-1	200	Material elétrico para instalações em circuito de consumo
18	I-1	300	Medicamentos alopáticos, homeopáticos e fitoterápicos
18	I-2	600	Mesas de bilhar, de sinuca e acessórios
18	I-1	200	Metais não-ferrosos e suas ligas (forja)
18	I-1	40	Metais não-ferrosos e suas ligas (fundição)
18	I-1	200	Metal (produtos em geral, trefilados, esquadrias, artefatos estampados, artigos para uso doméstico e pessoal)
18	I-1	200	Metal e ligas metálicas (embalagens)
18	I-1	200	Metalurgia de metais não-ferrosos e suas ligas não especificados nesta tabela
18	I-1	200	Metalurgia em geral (do pó, do cobre, dos metais preciosos)
19	I-2	600	Mídias virgens, magnéticas e ópticas
19	I-1	40	Minerais não-metálicos não especificados nesta tabela
19	I-2	600	Mobiliário para uso médico, cirúrgico, odontológico e de laboratório
19	I-1	300	Motocicletas
19	I-1	200	Motores e turbinas, peças e acessórios, exceto para aviões e veículos rodoviários
19	I-1	300	Motores elétricos, peças e acessórios
19	I-1	300	Motores para automóveis
19	I-2	600	Móveis em geral
19	I-1	200	Obras de caldeiraria pesada
19	I-3	4000	Óleos lubrificantes (exceto combustíveis ou inflamáveis)
19	I-2	1000	Óleos vegetais (exceto combustíveis ou inflamáveis)
19	I-2	1000	Padaria e Confeitaria com produção própria
19	I-2	600	Painéis e letreiros Luminosos
19	I-2	800	Papel (embalagens)
19	I-2	800	Papel e papelão em geral (exceto papelão betuminado)
19	I-2	800	Papel e similares para uso comercial e de escritório
19	I-3	2000	Papelão betuminado
19	I-1	300	Peças e acessórios para veículos automotores
19	I-1	200	Peças e acessórios para veículos ferroviários
19	I-1	300	Periféricos para equipamentos de informática
19	I-3	4000	Petróleo (produtos do refino e derivados em geral)
19	I-2	800	Pilhas, baterias e acumuladores elétricos
19	I-2	500	Placas e letreiros de qualquer material, exceto luminosos
19	I-2	1000	Plástico em geral (artefatos em geral, embalagens, aminados planos, tubulares, tubos e acessórios de uso na construção)
19	I-3	2000	Plastificantes: produtos químicos orgânicos não especificados nesta tabela (não solventes)
19	I-3	4000	Plastificantes: produtos químicos orgânicos não especificados nesta tabela (solventes)
19	I-2	700	Pneus, pneumáticos e câmaras de ar
19	I-2	800	Pós alimentícios (alimentos ou preparados em pó)
19	I-1	300	Preparações farmacêuticas
19	I-3	Anexo B ou C	Processamento de lixo com alta carga de incêndio
19	I-1	Anexo B ou C	Processamento de lixo com baixa carga de incêndio
19	I-2	Anexo B ou C	Processamento de lixo com média carga de incêndio
19	I-1	200	Produção e distribuição de vapor, água quente e ar condicionado
19	I-2	400	Produtos à base de café
19	I-2	1000	Produtos alimentícios não especificados nesta tabela
19	I-2	500	Produtos de carne
19	I-3	2000	Produtos de limpeza e polimento
19	I-3	2000	Produtos de origem vegetal não especificados nesta tabela
19	I-2	1000	Produtos de panificação industrial
20	I-2	400	Produtos derivados do cacau e de chocolates
20	I-2	1000	Produtos para infusão (chá, mate e similares)
20	I-3	4000	Produtos petroquímicos básicos
20	I-2	500	Produtos químicos inorgânicos não especificados nesta tabela
20	I-2	1000	Produtos químicos orgânicos não especificados nesta tabela
20	I-1	300	Recondicionamento e recuperação de motores para veículos Automotores (exceto oficina de conserto de veículos)
20	I-1	80	Refrescos, xaropes e pós solúveis para refrescos
20	I-3	3000	Resinas termofixas e resinas termoplásticas
20	I-1	200	Rolamentos para fins industriais
20	I-2	500	Roupas em geral, peças de vestuário e acessórios
20	I-1	300	Sabões e detergentes sintéticos
20	I-1	200	Sanitário de cerâmica
20	I-2	800	Serrarias
20	I-1	200	Serviços de confecção de armações metálicas para a construção
20	I-2	400	Serviços de pré-impressão
20	I-1	200	Serviços de prótese dentária
20	I-1	200	Serviços de tratamento e revestimento em metais
20	I-1	200	Serviços de usinagem, tornearia e solda
20	I-1	200	Soldas e ânodos para galvanoplastia
20	I-2	600	Som em qualquer suporte
20	I-1	80	Sorvetes e outros gelados comestíveis
20	I-1	200	Tanques, reservatórios metálicos e caldeiras para aquecimento central
20	I-2	600	Tecelagem de fios de fibras têxteis naturais
20	I-2	700	Tecidos especiais, inclusive artefatos
20	I-2	700	Têxteis e tecidos em geral
20	I-3	4000	Tintas de impressão
20	I-3	4000	Tintas, vernizes, esmaltes e lacas
20	I-2	400	Torrefação e moagem de café
20	I-1	200	Transformadores, indutores, conversores, sincronizadores e semelhantes, peças e acessórios
20	I-1	300	Tratores, peças e acessórios
20	I-3	2000	Trigo (produtos, moagem, beneficiamento)
20	I-2	600	Turbinas, motores e outros componentes e peças para aeronaves
20	I-1	200	Válvulas, registros e dispositivos semelhantes, peças e acessórios
20	I-1	300	Veículos militares de combate
20	I-3	2000	Velas (inclusive decorativa)
20	I-2	700	Vidro (embalagens)
20	I-2	700	Vidro (outros não especificado nesta tabela)
20	I-1	200	Vidro plano e de segurança
20	I-1	80	Vinagres
20	I-1	200	Zinco (laminados e em formas primárias)
21	J-1	Anexo B ou C	Depósitos e similares de material incombustível (sem embalagem ou com embalagem incombustível)
21	J-2	Anexo B ou C	Depósitos e similares com carga de incêndio baixa
21	J-3	Anexo B ou C	Depósitos e similares com carga de incêndio média
21	J-4	Anexo B ou C	Depósitos e similares com carga de incêndio alta
21	L-1	4000	Comércio varejista de fogos de artifício e artigos pirotécnicos
21	L-3	Anexo C	Depósito de pólvora, explosivos, detonantes e similares
21	L-2	4000	Fabricação de armas de fogo, outras armas e munições
21	L-2	4000	Fabricação de artigos pirotécnicos
21	L-2	4000	Fabricação de equipamento bélico pesado, exceto veículos militares de combate
21	L-2	4000	Fabricação de fertilizantes cujos componentes possuem característica potencialmente explosiva ou combustível
21	L-2	4000	Fabricação de fósforos de segurança
21	L-2	4000	Fabricação de pólvoras, explosivos e detonantes
21	M-8	Anexo C	Agronegócio (edificações e instalações destinadas à plantação ou criação de animais)
21	M-5	Anexo C	Armazenamento e processos de grãos e assemelhados
21	M-4	Conforme atividade (ocupação) específica	Canteiro de obras e assemelhados (instalações de apoio)
21	M-3	400	Centrais de processamento de dados
21	M-3	200	Centrais de transmissão e de distribuição de energia
21	M-3	100	Centrais telefônicas
21	M-3	100	Centros de comunicação
21	M-2	4000	Comércio atacadista de biodiesel, gasolina e demais derivados de petróleo
21	M-2	4000	Comércio atacadista de combustíveis de origem vegetal e mineral em bruto
21	M-2	4000	Comércio atacadista de lubrificantes
21	M-2	4000	Comércio de gás liquefeito de petróleo (GLP)
21	M-2	4000	Distribuição de combustíveis gasosos por redes urbanas
21	M-6	3000	Florestas, reservas ecológicas, parques florestais e assemelhados
21	M-3	600	Geração de energia elétrica
21	M-3	Anexo C	Geração de energia - outras (eólica, solar, fotovoltaica, termoelétrica)
21	M-7	Anexo C	Pátio de containers
21	M-2	4000	Produção de gás; processamento de gás natural
21	M-5	Anexo C	Silos
21	M-1	Anexo C	Túnel
